subreddit,post_id,title,score,num_comments,url,permalink,created_utc
politics,1n62egw,Donald Trump Declares D.C. a 'Crime Free Zone' Despite Reported Crimes,12169,631,https://www.rollingstone.com/politics/politics-news/donald-trump-dc-crime-free-zone-claim-1235419598/,https://www.reddit.com/r/politics/comments/1n62egw/donald_trump_declares_dc_a_crime_free_zone/,1756764792.0
politics,1n63tdc,"Most US Voters Say Israel Is Committing Genocide, Oppose Sending Military Aid | A whopping 77 percent of Democrats say Israel is committing genocide, Quinnipiac found.",5209,552,https://truthout.org/articles/most-us-voters-oppose-sending-israel-military-aid-say-its-committing-genocide/,https://www.reddit.com/r/politics/comments/1n63tdc/most_us_voters_say_israel_is_committing_genocide/,1756768529.0
politics,1n659l6,PragerU unveils all 34 questions on its 'America First' test,4170,497,https://ktul.com/newsletter-daily/prageru-unveils-all-34-questions-on-its-america-first-test-education-classrooms-oklahoma-department-of-education-ryan-walters-california-new-york-woke,https://www.reddit.com/r/politics/comments/1n659l6/prageru_unveils_all_34_questions_on_its_america/,1756772589.0
politics,1n68jp4,"Americans Lose Faith That Hard Work Leads to Economic Gains, WSJ-NORC Poll Finds",2349,189,https://www.wsj.com/economy/wsj-norc-economic-poll-73bce003,https://www.reddit.com/r/politics/comments/1n68jp4/americans_lose_faith_that_hard_work_leads_to/,1756782174.0
politics,1n5xbq5,PragerU reveals full list of questions from Oklahoma's new 'America First' teacher test. Oklahoma will now require teachers from California and New York to pass a newly unveiled 34-question “America First” certification test developed with PragerU.,8162,925,https://www.newson6.com/story/68b49a3e4c96f952caa73294/prageru-reveals-full-list-of-questions-answers-from-oklahoma-new-america-first-teacher-test-ryan-walters,https://www.reddit.com/r/politics/comments/1n5xbq5/prageru_reveals_full_list_of_questions_from/,1756752861.0
politics,1n5yycl,Trump Family Amasses $6 Billion Fortune After Crypto Launch,5216,206,https://www.wsj.com/finance/currencies/trump-family-amasses-6-billion-fortune-after-crypto-launch-567faec5?mod=mhp,https://www.reddit.com/r/politics/comments/1n5yycl/trump_family_amasses_6_billion_fortune_after/,1756756553.0
politics,1n5ru6d,Trump Admits His Administration Is Being ‘Ripped Apart’ by Vaccine Fight,13456,438,https://www.thedailybeast.com/trump-admits-his-administration-is-being-ripped-apart-by-vaccine-fight/,https://www.reddit.com/r/politics/comments/1n5ru6d/trump_admits_his_administration_is_being_ripped/,1756740695.0
politics,1n5vzou,Trump Lashes Out After Putin and Modi Are Seen Holding Hands,6259,421,https://www.thedailybeast.com/trump-lashes-out-after-putin-and-modi-are-seen-holding-hands/,https://www.reddit.com/r/politics/comments/1n5vzou/trump_lashes_out_after_putin_and_modi_are_seen/,1756749915.0
politics,1n5odqt,Donald Trump posting week-old photo raises eyebrows amid health speculation,28145,2354,https://www.newsweek.com/donald-trump-health-photos-2122478,https://www.reddit.com/r/politics/comments/1n5odqt/donald_trump_posting_weekold_photo_raises/,1756732467.0
politics,1n61i23,Hundreds of ‘Workers Over Billionaires’ Labor Day rallies take place across US,2658,54,https://www.theguardian.com/us-news/2025/sep/01/workers-over-billionaires-labor-day-rallies,https://www.reddit.com/r/politics/comments/1n61i23/hundreds_of_workers_over_billionaires_labor_day/,1756762539.0
politics,1n6bozj,Trump Trails ‘Announcement’ After Days of Health Speculation,559,224,https://www.thedailybeast.com/trump-trails-announcement-after-days-of-health-speculation/,https://www.reddit.com/r/politics/comments/1n6bozj/trump_trails_announcement_after_days_of_health/,1756792756.0
politics,1n5n1rf,Trump faces returning $100bn in tariffs after court ruling,36783,1379,https://www.thetimes.com/article/a09594e1-46f2-413a-8cba-5077237d8ab3,https://www.reddit.com/r/politics/comments/1n5n1rf/trump_faces_returning_100bn_in_tariffs_after/,1756728799.0
politics,1n633f8,Trump family made upward of $6 billion in a day thanks to its crypto-coin launch: report,1861,135,https://www.independent.co.uk/news/world/americas/us-politics/trump-family-crypto-launch-6-billion-b2818066.html,https://www.reddit.com/r/politics/comments/1n633f8/trump_family_made_upward_of_6_billion_in_a_day/,1756766621.0
politics,1n64l1l,"Nadler, Pillar of Democratic Party’s Old Guard, Will Retire Next Year",1432,166,https://www.nytimes.com/2025/09/01/nyregion/jerrold-nadler-congress-retires.html,https://www.reddit.com/r/politics/comments/1n64l1l/nadler_pillar_of_democratic_partys_old_guard_will/,1756770654.0
politics,1n6898q,"Khanna, Massie to hold news conference with Epstein victims: 'People are going to be outraged'",808,64,https://www.foxnews.com/politics/khanna-massie-hold-news-conference-epstein-victims-people-going-outraged.amp,https://www.reddit.com/r/politics/comments/1n6898q/khanna_massie_to_hold_news_conference_with/,1756781290.0
politics,1n5rek2,Trump Is Wiping Out Unions. Why Are They So Quiet?,6644,592,https://www.nytimes.com/2025/09/01/opinion/trump-unions-labor.html?unlocked_article_code=1.ik8.rBLp.pQNK0wEo3xT0&smid=nytcore-ios-share&referringSource=articleShare,https://www.reddit.com/r/politics/comments/1n5rek2/trump_is_wiping_out_unions_why_are_they_so_quiet/,1756739706.0
politics,1n6f73u,"Trump, Gabbard fired top CIA Russia expert days after Alaska summit | The CIA officer was due to take up a prestigious assignment in Europe approved by CIA Director John Ratcliffe. Instead, her security clearance was summarily revoked.",184,20,https://www.washingtonpost.com/national-security/2025/08/27/cia-officer-russia-trump-gabbard/,https://www.reddit.com/r/politics/comments/1n6f73u/trump_gabbard_fired_top_cia_russia_expert_days/,1756806486.0
politics,1n5u494,"Gavin Newsom Mocks Trump With Labor Day Message: 'Sick Warped Radical Mind' - ""Fear not—we have made great progress in recent weeks, and America will soon be safe and great again!"" Newsom claimed",4119,207,https://www.latintimes.com/gavin-newsom-mocks-trump-labor-day-message-sick-warped-radical-mind-589051,https://www.reddit.com/r/politics/comments/1n5u494/gavin_newsom_mocks_trump_with_labor_day_message/,1756745801.0
politics,1n5zlun,"MAGA candidate sparks backlash after burning Quran, promising to ‘end Islam’ in Texas",2011,394,https://www.the-independent.com/news/world/americas/us-politics/texas-maga-republican-burns-quran-valentina-gomez-b2814456.html,https://www.reddit.com/r/politics/comments/1n5zlun/maga_candidate_sparks_backlash_after_burning/,1756758097.0
politics,1n5qhpp,Gavin Newsom continues to troll Trump by blasting ‘I’m a Survivor’ in post about president’s health,4544,178,https://www.independent.co.uk/news/world/americas/us-politics/gavin-newsom-trump-health-trolling-b2817861.html,https://www.reddit.com/r/politics/comments/1n5qhpp/gavin_newsom_continues_to_troll_trump_by_blasting/,1756737603.0
PoliticalDiscussion,1bwbuka,Casual Questions Thread,87,8311,https://www.reddit.com/r/PoliticalDiscussion/comments/1bwbuka/casual_questions_thread/,https://www.reddit.com/r/PoliticalDiscussion/comments/1bwbuka/casual_questions_thread/,1712301320.0
PoliticalDiscussion,1msce9l,"[Moderator Announcement] New Mod Applications, Rule Clarifications, and Community Feedback",1,12,https://www.reddit.com/r/PoliticalDiscussion/comments/1msce9l/moderator_announcement_new_mod_applications_rule/,https://www.reddit.com/r/PoliticalDiscussion/comments/1msce9l/moderator_announcement_new_mod_applications_rule/,1755389574.0
PoliticalDiscussion,1n415bq,"Why has it been so difficult for Democrats to get ""over the hump"" in North Carolina?",192,132,https://www.reddit.com/r/PoliticalDiscussion/comments/1n415bq/why_has_it_been_so_difficult_for_democrats_to_get/,https://www.reddit.com/r/PoliticalDiscussion/comments/1n415bq/why_has_it_been_so_difficult_for_democrats_to_get/,1756559097.0
PoliticalDiscussion,1n3h9ca,What do you think about Gavin Newsom's new social media campaign mocking Trump's posting style?,928,554,https://www.reddit.com/r/PoliticalDiscussion/comments/1n3h9ca/what_do_you_think_about_gavin_newsoms_new_social/,https://www.reddit.com/r/PoliticalDiscussion/comments/1n3h9ca/what_do_you_think_about_gavin_newsoms_new_social/,1756496754.0
PoliticalDiscussion,1n3f9s1,Does the US constitution need to be amended to ensure no future president can get this far or further into a dictatorship again or is the problem potus and congress are breaking existing laws?,515,302,https://www.reddit.com/r/PoliticalDiscussion/comments/1n3f9s1/does_the_us_constitution_need_to_be_amended_to/,https://www.reddit.com/r/PoliticalDiscussion/comments/1n3f9s1/does_the_us_constitution_need_to_be_amended_to/,1756492114.0
PoliticalDiscussion,1n2ycte,Is it possible for US to collapse like into parts like 1991 USSR?,160,267,https://www.reddit.com/r/PoliticalDiscussion/comments/1n2ycte/is_it_possible_for_us_to_collapse_like_into_parts/,https://www.reddit.com/r/PoliticalDiscussion/comments/1n2ycte/is_it_possible_for_us_to_collapse_like_into_parts/,1756443118.0
PoliticalDiscussion,1n2l8ia,"If JD Vance is the Republican nominee in 2028 and loses the election, will he certify his own loss?",601,246,https://www.reddit.com/r/PoliticalDiscussion/comments/1n2l8ia/if_jd_vance_is_the_republican_nominee_in_2028_and/,https://www.reddit.com/r/PoliticalDiscussion/comments/1n2l8ia/if_jd_vance_is_the_republican_nominee_in_2028_and/,1756408105.0
PoliticalDiscussion,1n1u079,Is there any scenario where the U.S. military would intervene in politics if there is a real threat to the Constitution?,254,308,https://www.reddit.com/r/PoliticalDiscussion/comments/1n1u079/is_there_any_scenario_where_the_us_military_would/,https://www.reddit.com/r/PoliticalDiscussion/comments/1n1u079/is_there_any_scenario_where_the_us_military_would/,1756330754.0
PoliticalDiscussion,1n37xll,Why should a sitting President be held to the same legal standard as a civilian when it comes to lying or spreading misinformation?,0,38,https://www.reddit.com/r/PoliticalDiscussion/comments/1n37xll/why_should_a_sitting_president_be_held_to_the/,https://www.reddit.com/r/PoliticalDiscussion/comments/1n37xll/why_should_a_sitting_president_be_held_to_the/,1756475288.0
PoliticalDiscussion,1n1apvl,"Trump said today: “I have the right to do anything I want to do. I’m the president of the United States”. People from the US, what are your thoughts on this?",410,343,https://www.reddit.com/r/PoliticalDiscussion/comments/1n1apvl/trump_said_today_i_have_the_right_to_do_anything/,https://www.reddit.com/r/PoliticalDiscussion/comments/1n1apvl/trump_said_today_i_have_the_right_to_do_anything/,1756280459.0
PoliticalDiscussion,1n16f29,"In 1795, Chief Justice Jay resigned to serve as Governor of New York. In 1832, Vice President Calhoun resigned to serve in the Senate. Could such a thing happen today? Is there any scenario where a prominent politician could resign to serve a ""lesser"" role, or has politics become too nationalized?",53,25,https://www.reddit.com/r/PoliticalDiscussion/comments/1n16f29/in_1795_chief_justice_jay_resigned_to_serve_as/,https://www.reddit.com/r/PoliticalDiscussion/comments/1n16f29/in_1795_chief_justice_jay_resigned_to_serve_as/,1756265146.0
PoliticalDiscussion,1n1l2p6,Will the shooting at the Annunciation Catholic School in Minneapolis embolden Democrats to make gun control an issue in the 2026 midterms?,0,50,https://www.reddit.com/r/PoliticalDiscussion/comments/1n1l2p6/will_the_shooting_at_the_annunciation_catholic/,https://www.reddit.com/r/PoliticalDiscussion/comments/1n1l2p6/will_the_shooting_at_the_annunciation_catholic/,1756310556.0
PoliticalDiscussion,1n09ltj,"If allegations of mortgage fraud are cause for removal of Fed Governor Lisa Cook, would 34 felony counts of fraud be cause for removal of Trump?",404,61,https://www.reddit.com/r/PoliticalDiscussion/comments/1n09ltj/if_allegations_of_mortgage_fraud_are_cause_for/,https://www.reddit.com/r/PoliticalDiscussion/comments/1n09ltj/if_allegations_of_mortgage_fraud_are_cause_for/,1756173806.0
PoliticalDiscussion,1mzv1a2,"Trump has said the DOJ will be filing a lawsuit against California's redistricting effort. With a Republican majority on the Supreme Court, can this lawsuit actually prevent California from doing what Texas is doing, giving the Republicans a House advantage?",1294,266,https://www.reddit.com/r/PoliticalDiscussion/comments/1mzv1a2/trump_has_said_the_doj_will_be_filing_a_lawsuit/,https://www.reddit.com/r/PoliticalDiscussion/comments/1mzv1a2/trump_has_said_the_doj_will_be_filing_a_lawsuit/,1756138851.0
PoliticalDiscussion,1n0wgiu,Should potential 2028 Democratic hopeful make campaign promises to recognize a Palestinian state?,0,261,https://www.reddit.com/r/PoliticalDiscussion/comments/1n0wgiu/should_potential_2028_democratic_hopeful_make/,https://www.reddit.com/r/PoliticalDiscussion/comments/1n0wgiu/should_potential_2028_democratic_hopeful_make/,1756239051.0
PoliticalDiscussion,1mzn0u5,Is the rise of authoritarianism a systemic response to crises within liberal capitalism?,55,120,https://www.reddit.com/r/PoliticalDiscussion/comments/1mzn0u5/is_the_rise_of_authoritarianism_a_systemic/,https://www.reddit.com/r/PoliticalDiscussion/comments/1mzn0u5/is_the_rise_of_authoritarianism_a_systemic/,1756118442.0
PoliticalDiscussion,1mz6m1w,What is the tone for the DNC and the RNC primary's going to be like?,98,165,https://www.reddit.com/r/PoliticalDiscussion/comments/1mz6m1w/what_is_the_tone_for_the_dnc_and_the_rnc_primarys/,https://www.reddit.com/r/PoliticalDiscussion/comments/1mz6m1w/what_is_the_tone_for_the_dnc_and_the_rnc_primarys/,1756067492.0
PoliticalDiscussion,1mzt9qg,How can U.S. voters influence the situation in Gaza?,0,108,https://www.reddit.com/r/PoliticalDiscussion/comments/1mzt9qg/how_can_us_voters_influence_the_situation_in_gaza/,https://www.reddit.com/r/PoliticalDiscussion/comments/1mzt9qg/how_can_us_voters_influence_the_situation_in_gaza/,1756134975.0
PoliticalDiscussion,1myv6j9,Can the Brownfield Problem Be Solved? What Are the Main Obstacles?,29,62,https://www.reddit.com/r/PoliticalDiscussion/comments/1myv6j9/can_the_brownfield_problem_be_solved_what_are_the/,https://www.reddit.com/r/PoliticalDiscussion/comments/1myv6j9/can_the_brownfield_problem_be_solved_what_are_the/,1756041021.0
PoliticalDiscussion,1mxwbnt,Who is America's best governor?,142,251,https://www.reddit.com/r/PoliticalDiscussion/comments/1mxwbnt/who_is_americas_best_governor/,https://www.reddit.com/r/PoliticalDiscussion/comments/1mxwbnt/who_is_americas_best_governor/,1755939047.0
worldnews,1n69phs,"/r/WorldNews Live Thread: Russian Invasion of Ukraine Day 1286, Part 1 (Thread #1433)",263,17,https://www.reddit.com/live/18hnzysb1elcs,https://www.reddit.com/r/worldnews/comments/1n69phs/rworldnews_live_thread_russian_invasion_of/,1756785761.0
worldnews,1n6acd0,Indian PM meets Putin and urges him to stop war and look for peaceful settlement,3510,319,https://www.pravda.com.ua/eng/news/2025/09/1/7528783/,https://www.reddit.com/r/worldnews/comments/1n6acd0/indian_pm_meets_putin_and_urges_him_to_stop_war/,1756787919.0
worldnews,1n683xd,Nestle abruptly removes CEO Freixe over undisclosed relationship with subordinate,3346,145,https://www.reuters.com/sustainability/boards-policy-regulation/nestle-abruptly-removes-ceo-freixe-over-undisclosed-relationship-with-2025-09-01/,https://www.reddit.com/r/worldnews/comments/1n683xd/nestle_abruptly_removes_ceo_freixe_over/,1756780855.0
worldnews,1n5yfan,"Maduro warns of ""bloody threat"" as Trump deploys warships near Venezuela",10884,619,https://www.newsweek.com/maduro-wans-trump-venezuela-us-navy-warships-2122827?utm_source=reddit&utm_campaign=reddit_main,https://www.reddit.com/r/worldnews/comments/1n5yfan/maduro_warns_of_bloody_threat_as_trump_deploys/,1756755311.0
worldnews,1n5tdc8,"To defend against Russian tanks, Finland and Poland consider restoring wetlands",21030,484,https://www.france24.com/en/europe/20250828-to-defend-against-russian-tanks-finland-and-poland-consider-restoring-wetlands,https://www.reddit.com/r/worldnews/comments/1n5tdc8/to_defend_against_russian_tanks_finland_and/,1756744127.0
worldnews,1n66tfh,Trump calls India-U.S. trade relationship 'a totally one sided disaster' after Modi visits China,2231,278,https://www.cnbc.com/2025/09/02/trump-india-us-china-tariffs-trade.html,https://www.reddit.com/r/worldnews/comments/1n66tfh/trump_calls_indiaus_trade_relationship_a_totally/,1756777068.0
worldnews,1n61y7t,France orders hospitals war-ready by March 2026,4393,215,https://euroweeklynews.com/2025/08/27/france-tells-hospitals-to-be-war-ready-by-march-2026-leaked-letter-lays-out-mass-casualty-plan/,https://www.reddit.com/r/worldnews/comments/1n61y7t/france_orders_hospitals_warready_by_march_2026/,1756763662.0
worldnews,1n64xr5,Venezuela accuses the US of seeking ‘regime change’,2627,240,https://www.dw.com/en/venezuela-accuses-the-us-of-seeking-regime-change/a-73840862,https://www.reddit.com/r/worldnews/comments/1n64xr5/venezuela_accuses_the_us_of_seeking_regime_change/,1756771657.0
worldnews,1n67hry,Burkina Faso's junta passes law banning homosexuality,1671,286,https://www.france24.com/en/africa/20250902-burkina-faso-s-junta-passes-law-banning-homosexuality,https://www.reddit.com/r/worldnews/comments/1n67hry/burkina_fasos_junta_passes_law_banning/,1756779022.0
worldnews,1n5ywl1,"Ukraine liberates village of Novoekonomichne in Donetsk Oblast, General Staff says",3595,35,https://kyivindependent.com/ukraine-liberates-village-of-novoekonomichne-in-donetsk-oblast-general-staff-says,https://www.reddit.com/r/worldnews/comments/1n5ywl1/ukraine_liberates_village_of_novoekonomichne_in/,1756756437.0
worldnews,1n69h7f,A Chinese mining company is accused of covering up the extent of a major toxic spill in Zambia,749,34,https://apnews.com/article/china-zambia-copper-mine-pollution-environment-e2013c6271b97c229c9135e8a0d471fb,https://www.reddit.com/r/worldnews/comments/1n69h7f/a_chinese_mining_company_is_accused_of_covering/,1756785040.0
worldnews,1n5ta2j,Russian occupation pace fell by almost 20% in August,4985,115,https://www.pravda.com.ua/eng/news/2025/09/1/7528792/,https://www.reddit.com/r/worldnews/comments/1n5ta2j/russian_occupation_pace_fell_by_almost_20_in/,1756743921.0
worldnews,1n6cimd,"Trump put US-India partnership on the back burner to pursue family’s Pakistan deals, Jake Sullivan accuses",324,16,https://economictimes.indiatimes.com/news/india/trump-put-us-india-partnership-on-the-back-burner-to-pursue-familys-pakistan-deals-jake-sullivan-accuses/articleshow/123646118.cms?from=mdr,https://www.reddit.com/r/worldnews/comments/1n6cimd/trump_put_usindia_partnership_on_the_back_burner/,1756795875.0
worldnews,1n5xu3p,Maduro vows to declare a ‘republic in arms’ if US forces in the Caribbean attack Venezuela,2109,378,https://www.thestar.com/news/world/americas/maduro-vows-to-declare-a-republic-in-arms-if-us-forces-in-the-caribbean-attack/article_ab7c74a1-9697-5010-a0bb-7aef405233fa.html,https://www.reddit.com/r/worldnews/comments/1n5xu3p/maduro_vows_to_declare_a_republic_in_arms_if_us/,1756753976.0
worldnews,1n5k4p2,"EU head's plane hit by suspected Russian GPS interference during landing, FT says",23654,773,https://tvpworld.com/88657721/eu-heads-plane-hit-by-suspected-russian-gps-interference-during-landing-in-bulgaria-ft-says,https://www.reddit.com/r/worldnews/comments/1n5k4p2/eu_heads_plane_hit_by_suspected_russian_gps/,1756718799.0
worldnews,1n5zysn,Media blackout: Over 200 media outlets across globe join mass editorial protest against Israel,1504,160,https://www.jpost.com/diaspora/antisemitism/article-865996,https://www.reddit.com/r/worldnews/comments/1n5zysn/media_blackout_over_200_media_outlets_across/,1756758924.0
worldnews,1n6ffs1,"Kremlin denies Trump, Putin ever agreed on face-to-face Zelensky meeting",115,11,https://kyivindependent.com/kremlin-denies-trump-putin-ever-agreed-on-zelensky-meeting/,https://www.reddit.com/r/worldnews/comments/1n6ffs1/kremlin_denies_trump_putin_ever_agreed_on/,1756807382.0
worldnews,1n6bkou,European Socialists mobilize against Trump’s trade deal,239,55,https://www.politico.eu/article/european-socialists-come-out-against-trade-deal-donald-trump/,https://www.reddit.com/r/worldnews/comments/1n6bkou/european_socialists_mobilize_against_trumps_trade/,1756792315.0
worldnews,1n6bt54,Belgium announces it will recognise Palestinian state,219,12,https://uk.news.yahoo.com/belgium-announces-recognise-palestinian-state-030100037.html,https://www.reddit.com/r/worldnews/comments/1n6bt54/belgium_announces_it_will_recognise_palestinian/,1756793162.0
worldnews,1n61bgm,Kyiv Links Moscow to Killing of Former Ukrainian Parliament Speaker,1029,7,https://www.nytimes.com/2025/09/01/world/europe/ukraine-andriy-parubiy-murder.html,https://www.reddit.com/r/worldnews/comments/1n61bgm/kyiv_links_moscow_to_killing_of_former_ukrainian/,1756762092.0
